Transaction ID,Date,Customer ID,Gender,Age,Product Category,Quantity,Price per Unit,Total Amount
1,11/24/2023,CUST0001,Male,34,Beauty,3,50,150
2,2/27/2023,CUST0002,Female,26,Clothing,2,500,1000
3,1/13/2023,CUST0003,Male,50,Electronics,1,30,30
4,5/21/2023,CUST0004,Male,37,Clothing,1,500,500
5,5/6/2023,CUST0005,Male,30,Beauty,2,50,100
6,4/25/2023,CUST0006,Female,45,Beauty,1,30,30
7,3/13/2023,CUST0007,Male,46,Clothing,2,25,50
8,2/22/2023,CUST0008,Male,30,Electronics,4,25,100
9,12/13/2023,CUST0009,Male,63,Electronics,2,300,600
10,10/7/2023,CUST0010,Female,52,Clothing,4,50,200
11,2/14/2023,CUST0011,Male,23,Clothing,2,50,100
12,10/30/2023,CUST0012,Male,35,Beauty,3,25,75
13,8/5/2023,CUST0013,Male,22,Electronics,3,500,1500
14,1/17/2023,CUST0014,Male,64,Clothing,4,30,120
15,1/16/2023,CUST0015,Female,42,Electronics,4,500,2000
16,2/17/2023,CUST0016,Male,19,Clothing,3,500,1500
17,4/22/2023,CUST0017,Female,27,Clothing,4,25,100
18,4/30/2023,CUST0018,Female,47,Electronics,2,25,50
19,9/16/2023,CUST0019,Female,62,Clothing,2,25,50
20,11/5/2023,CUST0020,Male,22,Clothing,3,300,900
21,1/14/2023,CUST0021,Female,50,Beauty,1,500,500
22,10/15/2023,CUST0022,Male,18,Clothing,2,50,100
23,4/12/2023,CUST0023,Female,35,Clothing,4,30,120
24,11/29/2023,CUST0024,Female,49,Clothing,1,300,300
25,12/26/2023,CUST0025,Female,64,Beauty,1,50,50
26,10/7/2023,CUST0026,Female,28,Electronics,2,500,1000
27,8/3/2023,CUST0027,Female,38,Beauty,2,25,50
28,4/23/2023,CUST0028,Female,43,Beauty,1,500,500
29,8/18/2023,CUST0029,Female,42,Electronics,1,30,30
30,10/29/2023,CUST0030,Female,39,Beauty,3,300,900
31,5/23/2023,CUST0031,Male,44,Electronics,4,300,1200
32,1/4/2023,CUST0032,Male,30,Beauty,3,30,90
33,3/23/2023,CUST0033,Female,50,Electronics,2,50,100
34,12/24/2023,CUST0034,Female,51,Clothing,3,50,150
35,8/5/2023,CUST0035,Female,58,Beauty,3,300,900
36,6/24/2023,CUST0036,Male,52,Beauty,3,300,900
37,5/23/2023,CUST0037,Female,18,Beauty,3,25,75
38,3/21/2023,CUST0038,Male,38,Beauty,4,50,200
39,4/21/2023,CUST0039,Male,23,Clothing,4,30,120
40,6/22/2023,CUST0040,Male,45,Beauty,1,50,50
41,2/22/2023,CUST0041,Male,34,Clothing,2,25,50
42,2/17/2023,CUST0042,Male,22,Clothing,3,300,900
43,7/14/2023,CUST0043,Female,48,Clothing,1,300,300
44,2/19/2023,CUST0044,Female,22,Clothing,1,25,25
45,7/3/2023,CUST0045,Female,55,Electronics,1,30,30
46,6/26/2023,CUST0046,Female,20,Electronics,4,300,1200
47,11/6/2023,CUST0047,Female,40,Beauty,3,500,1500
48,5/16/2023,CUST0048,Male,54,Electronics,3,300,900
49,1/23/2023,CUST0049,Female,54,Electronics,2,500,1000
50,8/24/2023,CUST0050,Female,27,Beauty,3,25,75
51,10/2/2023,CUST0051,Male,27,Beauty,3,25,75
52,3/5/2023,CUST0052,Female,36,Beauty,1,300,300
53,7/13/2023,CUST0053,Male,34,Electronics,2,50,100
54,2/10/2023,CUST0054,Female,38,Electronics,3,500,1500
55,10/10/2023,CUST0055,Male,31,Beauty,4,30,120
56,5/31/2023,CUST0056,Female,26,Clothing,3,300,900
57,11/18/2023,CUST0057,Female,63,Beauty,1,30,30
58,11/13/2023,CUST0058,Male,18,Clothing,4,300,1200
59,7/5/2023,CUST0059,Male,62,Clothing,1,50,50
60,10/23/2023,CUST0060,Male,30,Beauty,3,50,150
61,4/9/2023,CUST0061,Male,21,Beauty,4,50,200
62,12/27/2023,CUST0062,Male,18,Beauty,2,50,100
63,2/5/2023,CUST0063,Male,57,Electronics,2,25,50
64,1/24/2023,CUST0064,Male,49,Clothing,4,25,100
65,12/5/2023,CUST0065,Male,51,Electronics,4,500,2000
66,4/27/2023,CUST0066,Female,45,Electronics,1,30,30
67,5/29/2023,CUST0067,Female,48,Beauty,4,300,1200
68,2/10/2023,CUST0068,Male,25,Electronics,1,300,300
69,4/30/2023,CUST0069,Female,56,Beauty,3,25,75
70,2/21/2023,CUST0070,Female,43,Clothing,1,300,300
71,7/14/2023,CUST0071,Female,51,Beauty,4,25,100
72,5/23/2023,CUST0072,Female,20,Electronics,4,500,2000
73,8/21/2023,CUST0073,Male,29,Electronics,3,30,90
74,11/22/2023,CUST0074,Female,18,Beauty,4,500,2000
75,7/6/2023,CUST0075,Male,61,Beauty,4,50,200
76,3/25/2023,CUST0076,Female,22,Electronics,2,50,100
77,7/9/2023,CUST0077,Female,47,Clothing,2,50,100
78,7/1/2023,CUST0078,Female,47,Clothing,3,500,1500
79,4/18/2023,CUST0079,Male,34,Beauty,1,300,300
80,12/10/2023,CUST0080,Female,64,Clothing,2,30,60
81,5/17/2023,CUST0081,Male,40,Electronics,1,50,50
82,12/26/2023,CUST0082,Female,32,Beauty,4,50,200
83,12/16/2023,CUST0083,Male,54,Electronics,2,50,100
84,11/28/2023,CUST0084,Female,38,Electronics,3,30,90
85,2/6/2023,CUST0085,Male,31,Clothing,3,50,150
86,11/8/2023,CUST0086,Male,19,Beauty,3,30,90
87,11/22/2023,CUST0087,Female,28,Beauty,2,50,100
88,3/29/2023,CUST0088,Male,56,Clothing,1,500,500
89,10/1/2023,CUST0089,Female,55,Electronics,4,500,2000
90,5/6/2023,CUST0090,Female,51,Electronics,1,30,30
91,3/25/2023,CUST0091,Female,55,Electronics,1,500,500
92,8/25/2023,CUST0092,Female,51,Electronics,4,30,120
93,7/14/2023,CUST0093,Female,35,Beauty,4,500,2000
94,5/19/2023,CUST0094,Female,47,Beauty,2,500,1000
95,11/24/2023,CUST0095,Female,32,Clothing,2,30,60
96,12/19/2023,CUST0096,Female,44,Clothing,2,300,600
97,10/13/2023,CUST0097,Female,51,Beauty,2,500,1000
98,4/23/2023,CUST0098,Female,55,Beauty,2,50,100
99,12/17/2023,CUST0099,Female,50,Electronics,4,300,1200
100,6/16/2023,CUST0100,Male,41,Electronics,1,30,30
101,1/29/2023,CUST0101,Male,32,Clothing,2,300,600
102,4/28/2023,CUST0102,Female,47,Beauty,2,25,50
103,1/17/2023,CUST0103,Female,59,Clothing,1,25,25
104,6/11/2023,CUST0104,Female,34,Beauty,2,500,1000
105,7/25/2023,CUST0105,Female,22,Electronics,1,500,500
106,5/18/2023,CUST0106,Female,46,Clothing,1,50,50
107,2/3/2023,CUST0107,Female,21,Clothing,4,300,1200
108,4/19/2023,CUST0108,Female,27,Beauty,3,25,75
109,10/18/2023,CUST0109,Female,34,Electronics,4,500,2000
110,6/11/2023,CUST0110,Male,27,Clothing,3,300,900
111,4/19/2023,CUST0111,Female,34,Electronics,3,500,1500
112,12/2/2023,CUST0112,Male,37,Clothing,3,500,1500
113,9/13/2023,CUST0113,Female,41,Electronics,2,25,50
114,7/22/2023,CUST0114,Female,22,Beauty,4,25,100
115,11/26/2023,CUST0115,Male,51,Clothing,3,500,1500
116,8/23/2023,CUST0116,Female,23,Clothing,1,30,30
117,3/15/2023,CUST0117,Male,19,Electronics,2,500,1000
118,5/16/2023,CUST0118,Female,30,Electronics,4,500,2000
119,3/13/2023,CUST0119,Female,60,Clothing,3,50,150
120,5/7/2023,CUST0120,Male,60,Beauty,1,50,50
121,10/15/2023,CUST0121,Female,28,Electronics,4,50,200
122,10/3/2023,CUST0122,Male,64,Electronics,4,30,120
123,5/15/2023,CUST0123,Female,40,Electronics,2,30,60
124,10/27/2023,CUST0124,Male,33,Clothing,4,500,2000
125,8/8/2023,CUST0125,Male,48,Clothing,2,50,100
126,10/26/2023,CUST0126,Female,28,Clothing,3,30,90
127,7/24/2023,CUST0127,Female,33,Clothing,2,25,50
128,7/5/2023,CUST0128,Male,25,Beauty,1,500,500
129,4/23/2023,CUST0129,Female,21,Beauty,2,300,600
130,3/12/2023,CUST0130,Female,57,Clothing,1,500,500
131,9/18/2023,CUST0131,Female,21,Beauty,2,300,600
132,9/10/2023,CUST0132,Male,42,Electronics,4,50,200
133,2/16/2023,CUST0133,Male,20,Electronics,3,300,900
134,1/25/2023,CUST0134,Male,49,Electronics,1,50,50
135,2/26/2023,CUST0135,Male,20,Clothing,2,25,50
136,3/20/2023,CUST0136,Male,44,Electronics,2,300,600
137,11/18/2023,CUST0137,Male,46,Beauty,2,500,1000
138,3/23/2023,CUST0138,Male,49,Clothing,4,50,200
139,12/15/2023,CUST0139,Male,36,Beauty,4,500,2000
140,8/5/2023,CUST0140,Male,38,Electronics,1,30,30
141,11/2/2023,CUST0141,Female,22,Electronics,1,50,50
142,2/2/2023,CUST0142,Male,35,Electronics,4,300,1200
143,7/17/2023,CUST0143,Female,45,Clothing,1,50,50
144,7/15/2023,CUST0144,Female,59,Beauty,3,500,1500
145,11/2/2023,CUST0145,Female,39,Clothing,3,25,75
146,8/28/2023,CUST0146,Male,38,Clothing,4,50,200
147,9/28/2023,CUST0147,Male,23,Electronics,1,300,300
148,5/9/2023,CUST0148,Male,18,Clothing,2,30,60
149,10/11/2023,CUST0149,Male,22,Clothing,3,25,75
150,1/6/2023,CUST0150,Female,58,Electronics,4,30,120
151,12/15/2023,CUST0151,Male,29,Clothing,1,50,50
152,2/28/2023,CUST0152,Male,43,Electronics,4,500,2000
153,12/16/2023,CUST0153,Male,63,Electronics,2,500,1000
154,10/2/2023,CUST0154,Male,51,Electronics,3,300,900
155,5/17/2023,CUST0155,Male,31,Electronics,4,500,2000
156,11/25/2023,CUST0156,Female,43,Clothing,4,25,100
157,6/24/2023,CUST0157,Male,62,Electronics,4,500,2000
158,2/27/2023,CUST0158,Female,44,Electronics,2,300,600
159,5/31/2023,CUST0159,Male,26,Clothing,4,50,200
160,8/11/2023,CUST0160,Female,43,Clothing,2,50,100
161,3/22/2023,CUST0161,Male,64,Beauty,2,500,1000
162,8/21/2023,CUST0162,Male,39,Clothing,2,30,60
163,1/2/2023,CUST0163,Female,64,Clothing,3,50,150
164,5/15/2023,CUST0164,Female,47,Beauty,3,500,1500
165,9/14/2023,CUST0165,Female,60,Clothing,4,300,1200
166,4/2/2023,CUST0166,Male,34,Clothing,4,500,2000
167,9/17/2023,CUST0167,Female,43,Clothing,3,50,150
168,2/24/2023,CUST0168,Male,53,Clothing,1,300,300
169,11/17/2023,CUST0169,Male,18,Beauty,3,500,1500
170,6/2/2023,CUST0170,Female,25,Clothing,2,25,50
171,11/24/2023,CUST0171,Female,52,Clothing,3,300,900
172,9/17/2023,CUST0172,Male,32,Beauty,2,25,50
173,11/8/2023,CUST0173,Male,64,Electronics,4,30,120
174,4/12/2023,CUST0174,Female,39,Beauty,1,300,300
175,3/20/2023,CUST0175,Female,31,Electronics,4,25,100
176,7/11/2023,CUST0176,Female,43,Beauty,2,50,100
177,3/24/2023,CUST0177,Male,45,Beauty,2,50,100
178,10/4/2023,CUST0178,Male,40,Clothing,2,30,60
179,9/29/2023,CUST0179,Male,31,Electronics,1,300,300
180,1/1/2023,CUST0180,Male,41,Clothing,3,300,900
181,11/3/2023,CUST0181,Male,19,Electronics,4,300,1200
182,6/15/2023,CUST0182,Male,62,Beauty,4,30,120
183,9/8/2023,CUST0183,Female,43,Beauty,3,300,900
184,1/10/2023,CUST0184,Male,31,Electronics,4,50,200
185,2/27/2023,CUST0185,Male,24,Clothing,1,25,25
186,7/5/2023,CUST0186,Male,20,Clothing,4,50,200
187,6/7/2023,CUST0187,Female,64,Clothing,2,50,100
188,5/3/2023,CUST0188,Male,40,Clothing,3,25,75
189,1/30/2023,CUST0189,Male,63,Beauty,1,50,50
190,5/4/2023,CUST0190,Female,60,Beauty,3,30,90
191,10/18/2023,CUST0191,Male,64,Beauty,1,25,25
192,2/10/2023,CUST0192,Male,62,Beauty,2,50,100
193,2/13/2023,CUST0193,Male,35,Beauty,3,500,1500
194,9/6/2023,CUST0194,Male,55,Clothing,4,50,200
195,2/5/2023,CUST0195,Male,52,Clothing,1,30,30
196,9/30/2023,CUST0196,Female,32,Clothing,3,300,900
197,3/6/2023,CUST0197,Female,42,Clothing,4,50,200
198,3/7/2023,CUST0198,Female,54,Beauty,3,300,900
199,12/4/2023,CUST0199,Male,45,Beauty,3,500,1500
200,9/1/2023,CUST0200,Male,27,Beauty,3,50,150
201,10/9/2023,CUST0201,Male,56,Electronics,1,25,25
202,3/26/2023,CUST0202,Female,34,Clothing,4,300,1200
203,5/16/2023,CUST0203,Male,56,Clothing,2,500,1000
204,9/28/2023,CUST0204,Male,39,Beauty,1,25,25
205,11/7/2023,CUST0205,Female,43,Clothing,1,25,25
206,8/5/2023,CUST0206,Male,61,Clothing,1,25,25
207,4/19/2023,CUST0207,Female,42,Beauty,2,25,50
208,10/4/2023,CUST0208,Female,34,Electronics,4,50,200
209,12/20/2023,CUST0209,Female,30,Electronics,4,50,200
210,4/13/2023,CUST0210,Male,37,Electronics,4,50,200
211,1/1/2024,CUST0211,Male,42,Beauty,3,500,1500
212,6/9/2023,CUST0212,Male,21,Clothing,3,500,1500
213,7/24/2023,CUST0213,Male,27,Beauty,3,500,1500
214,12/10/2023,CUST0214,Male,20,Beauty,2,30,60
215,11/29/2023,CUST0215,Male,58,Clothing,3,500,1500
216,7/11/2023,CUST0216,Male,62,Electronics,2,50,100
217,8/13/2023,CUST0217,Female,35,Electronics,4,50,200
218,9/22/2023,CUST0218,Male,64,Beauty,3,30,90
219,8/20/2023,CUST0219,Female,53,Electronics,3,30,90
220,3/3/2023,CUST0220,Male,64,Beauty,1,500,500
221,5/7/2023,CUST0221,Male,39,Beauty,2,300,600
222,4/26/2023,CUST0222,Male,51,Clothing,4,30,120
223,2/2/2023,CUST0223,Female,64,Clothing,1,25,25
224,6/23/2023,CUST0224,Female,25,Clothing,1,50,50
225,1/11/2023,CUST0225,Female,57,Beauty,4,25,100
226,10/29/2023,CUST0226,Female,61,Clothing,1,50,50
227,10/11/2023,CUST0227,Male,36,Electronics,2,50,100
228,4/28/2023,CUST0228,Female,59,Electronics,2,30,60
229,10/29/2023,CUST0229,Male,58,Beauty,3,30,90
230,4/23/2023,CUST0230,Male,54,Beauty,1,25,25
231,1/4/2023,CUST0231,Female,23,Clothing,3,50,150
232,2/6/2023,CUST0232,Female,43,Beauty,1,25,25
233,12/29/2023,CUST0233,Female,51,Beauty,2,300,600
234,11/20/2023,CUST0234,Female,62,Electronics,2,25,50
235,1/31/2023,CUST0235,Female,23,Electronics,2,500,1000
236,4/28/2023,CUST0236,Female,54,Clothing,1,25,25
237,2/4/2023,CUST0237,Female,50,Beauty,2,500,1000
238,1/17/2023,CUST0238,Female,39,Beauty,1,500,500
239,6/19/2023,CUST0239,Male,38,Electronics,3,500,1500
240,2/6/2023,CUST0240,Female,23,Beauty,1,300,300
241,9/21/2023,CUST0241,Female,23,Electronics,3,25,75
242,5/2/2023,CUST0242,Male,21,Clothing,1,25,25
243,5/23/2023,CUST0243,Female,47,Electronics,3,300,900
244,12/9/2023,CUST0244,Male,28,Beauty,2,50,100
245,9/6/2023,CUST0245,Male,47,Clothing,3,30,90
246,4/20/2023,CUST0246,Female,48,Electronics,2,25,50
247,10/4/2023,CUST0247,Male,41,Electronics,2,30,60
248,3/9/2023,CUST0248,Male,26,Clothing,3,300,900
249,10/20/2023,CUST0249,Male,20,Clothing,1,50,50
250,10/23/2023,CUST0250,Male,48,Electronics,1,50,50
251,8/31/2023,CUST0251,Female,57,Beauty,4,50,200
252,5/5/2023,CUST0252,Male,54,Electronics,1,300,300
253,8/31/2023,CUST0253,Female,53,Clothing,4,500,2000
254,7/28/2023,CUST0254,Male,41,Electronics,1,500,500
255,4/8/2023,CUST0255,Male,48,Clothing,1,30,30
256,2/18/2023,CUST0256,Male,23,Clothing,2,500,1000
257,2/19/2023,CUST0257,Male,19,Beauty,4,500,2000
258,12/4/2023,CUST0258,Female,37,Clothing,1,50,50
259,8/9/2023,CUST0259,Female,45,Clothing,4,50,200
260,7/1/2023,CUST0260,Male,28,Beauty,2,30,60
261,8/5/2023,CUST0261,Male,21,Clothing,2,25,50
262,7/30/2023,CUST0262,Female,32,Beauty,4,30,120
263,8/28/2023,CUST0263,Male,23,Beauty,2,30,60
264,1/28/2023,CUST0264,Male,47,Clothing,3,300,900
265,12/11/2023,CUST0265,Male,55,Clothing,3,300,900
266,12/1/2023,CUST0266,Female,19,Electronics,2,30,60
267,11/27/2023,CUST0267,Female,32,Beauty,3,30,90
268,2/20/2023,CUST0268,Female,28,Electronics,1,30,30
269,2/1/2023,CUST0269,Male,25,Clothing,4,500,2000
270,7/26/2023,CUST0270,Male,43,Electronics,1,300,300
271,6/23/2023,CUST0271,Female,62,Beauty,4,30,120
272,2/25/2023,CUST0272,Female,61,Electronics,2,50,100
273,5/8/2023,CUST0273,Female,22,Beauty,1,50,50
274,4/9/2023,CUST0274,Female,23,Clothing,2,500,1000
275,4/8/2023,CUST0275,Male,43,Clothing,2,500,1000
276,10/2/2023,CUST0276,Female,21,Beauty,4,25,100
277,8/18/2023,CUST0277,Male,36,Clothing,4,25,100
278,3/13/2023,CUST0278,Female,37,Clothing,4,25,100
279,8/5/2023,CUST0279,Male,50,Clothing,1,500,500
280,4/4/2023,CUST0280,Female,37,Clothing,3,500,1500
281,5/23/2023,CUST0281,Female,29,Beauty,4,500,2000
282,8/25/2023,CUST0282,Female,64,Electronics,4,50,200
283,5/8/2023,CUST0283,Female,18,Electronics,1,500,500
284,2/8/2023,CUST0284,Male,43,Clothing,4,50,200
285,8/15/2023,CUST0285,Female,31,Electronics,1,25,25
286,10/9/2023,CUST0286,Male,55,Electronics,2,25,50
287,2/20/2023,CUST0287,Male,54,Clothing,4,25,100
288,1/26/2023,CUST0288,Male,28,Clothing,4,30,120
289,11/30/2023,CUST0289,Male,53,Electronics,2,30,60
290,10/4/2023,CUST0290,Female,30,Beauty,2,300,600
291,1/8/2023,CUST0291,Male,60,Clothing,2,300,600
292,2/17/2023,CUST0292,Male,20,Beauty,4,300,1200
293,5/2/2023,CUST0293,Male,50,Electronics,3,30,90
294,3/27/2023,CUST0294,Female,23,Clothing,3,30,90
295,7/28/2023,CUST0295,Female,27,Beauty,3,300,900
296,9/6/2023,CUST0296,Female,22,Clothing,4,300,1200
297,9/4/2023,CUST0297,Female,40,Electronics,2,500,1000
298,4/20/2023,CUST0298,Male,27,Beauty,4,300,1200
299,7/25/2023,CUST0299,Male,61,Electronics,2,500,1000
300,1/31/2023,CUST0300,Female,19,Electronics,4,50,200
301,3/26/2023,CUST0301,Male,30,Clothing,4,30,120
302,7/14/2023,CUST0302,Male,57,Beauty,2,300,600
303,1/2/2023,CUST0303,Male,19,Electronics,3,30,90
304,7/19/2023,CUST0304,Female,37,Electronics,2,30,60
305,5/16/2023,CUST0305,Female,18,Beauty,1,30,30
306,8/21/2023,CUST0306,Male,54,Electronics,1,50,50
307,5/27/2023,CUST0307,Female,26,Electronics,2,25,50
308,8/5/2023,CUST0308,Female,34,Beauty,4,300,1200
309,12/23/2023,CUST0309,Female,26,Beauty,1,25,25
310,10/12/2023,CUST0310,Female,28,Beauty,1,25,25
311,12/5/2023,CUST0311,Female,32,Beauty,4,25,100
312,9/7/2023,CUST0312,Male,41,Clothing,4,30,120
313,3/21/2023,CUST0313,Female,55,Beauty,3,500,1500
314,4/8/2023,CUST0314,Male,52,Clothing,4,30,120
315,6/1/2023,CUST0315,Male,47,Clothing,2,30,60
316,4/22/2023,CUST0316,Female,48,Clothing,2,25,50
317,1/30/2023,CUST0317,Male,22,Electronics,3,30,90
318,10/24/2023,CUST0318,Male,61,Clothing,1,25,25
319,10/5/2023,CUST0319,Male,31,Clothing,1,500,500
320,2/1/2023,CUST0320,Female,28,Electronics,4,300,1200
321,6/10/2023,CUST0321,Female,26,Electronics,2,25,50
322,1/30/2023,CUST0322,Male,51,Electronics,1,500,500
323,1/26/2023,CUST0323,Female,29,Beauty,3,300,900
324,10/27/2023,CUST0324,Female,52,Electronics,3,50,150
325,9/2/2023,CUST0325,Female,52,Electronics,2,25,50
326,9/15/2023,CUST0326,Female,18,Clothing,3,25,75
327,9/29/2023,CUST0327,Male,57,Electronics,3,50,150
328,3/22/2023,CUST0328,Male,39,Beauty,2,50,100
329,1/30/2023,CUST0329,Female,46,Electronics,4,25,100
330,9/18/2023,CUST0330,Female,25,Beauty,4,50,200
331,2/11/2023,CUST0331,Male,28,Electronics,3,30,90
332,4/6/2023,CUST0332,Male,58,Electronics,4,300,1200
333,2/5/2023,CUST0333,Female,54,Electronics,4,300,1200
334,11/1/2023,CUST0334,Male,31,Electronics,3,300,900
335,2/4/2023,CUST0335,Female,47,Beauty,4,30,120
336,12/12/2023,CUST0336,Female,52,Beauty,3,50,150
337,5/1/2023,CUST0337,Male,38,Clothing,1,500,500
338,7/26/2023,CUST0338,Male,54,Beauty,2,50,100
339,3/3/2023,CUST0339,Female,22,Electronics,2,25,50
340,10/19/2023,CUST0340,Female,36,Clothing,4,300,1200
341,5/7/2023,CUST0341,Male,31,Clothing,4,50,200
342,10/24/2023,CUST0342,Female,43,Clothing,4,500,2000
343,11/1/2023,CUST0343,Male,21,Electronics,2,25,50
344,1/21/2023,CUST0344,Female,42,Beauty,1,30,30
345,11/14/2023,CUST0345,Male,62,Electronics,1,30,30
346,2/11/2023,CUST0346,Male,59,Clothing,2,500,1000
347,8/3/2023,CUST0347,Male,42,Electronics,1,25,25
348,12/3/2023,CUST0348,Female,35,Electronics,2,300,600
349,10/26/2023,CUST0349,Female,57,Beauty,1,50,50
350,10/17/2023,CUST0350,Male,25,Beauty,3,25,75
351,9/25/2023,CUST0351,Female,56,Clothing,3,30,90
352,6/11/2023,CUST0352,Male,57,Electronics,2,500,1000
353,5/14/2023,CUST0353,Male,31,Electronics,1,500,500
354,4/15/2023,CUST0354,Female,49,Beauty,4,50,200
355,12/9/2023,CUST0355,Female,55,Electronics,1,500,500
356,6/10/2023,CUST0356,Male,50,Electronics,3,500,1500
357,5/3/2023,CUST0357,Female,40,Electronics,3,25,75
358,5/16/2023,CUST0358,Female,32,Beauty,1,300,300
359,7/22/2023,CUST0359,Male,50,Clothing,1,50,50
360,3/9/2023,CUST0360,Male,42,Clothing,4,25,100
361,12/10/2023,CUST0361,Female,34,Electronics,4,300,1200
362,11/27/2023,CUST0362,Male,50,Clothing,1,25,25
363,6/3/2023,CUST0363,Male,64,Beauty,1,25,25
364,8/23/2023,CUST0364,Female,19,Beauty,1,500,500
365,6/11/2023,CUST0365,Male,31,Clothing,1,300,300
366,2/7/2023,CUST0366,Male,57,Clothing,2,50,100
367,1/5/2023,CUST0367,Female,57,Electronics,1,50,50
368,8/23/2023,CUST0368,Female,56,Clothing,4,300,1200
369,11/15/2023,CUST0369,Male,23,Electronics,3,500,1500
370,10/16/2023,CUST0370,Male,23,Electronics,2,30,60
371,2/21/2023,CUST0371,Female,20,Beauty,1,25,25
372,2/7/2023,CUST0372,Female,24,Beauty,3,500,1500
373,10/3/2023,CUST0373,Female,25,Beauty,2,300,600
374,4/20/2023,CUST0374,Female,59,Beauty,3,25,75
375,9/17/2023,CUST0375,Male,32,Clothing,1,50,50
376,5/16/2023,CUST0376,Female,64,Beauty,1,30,30
377,3/9/2023,CUST0377,Female,46,Clothing,4,50,200
378,6/28/2023,CUST0378,Male,50,Beauty,1,300,300
379,2/5/2023,CUST0379,Female,47,Clothing,1,25,25
380,5/6/2023,CUST0380,Male,56,Electronics,2,300,600
381,7/9/2023,CUST0381,Female,44,Clothing,4,25,100
382,5/26/2023,CUST0382,Female,53,Clothing,2,500,1000
383,3/22/2023,CUST0383,Female,46,Beauty,3,30,90
384,8/13/2023,CUST0384,Male,55,Clothing,1,500,500
385,10/6/2023,CUST0385,Male,50,Electronics,3,500,1500
386,12/27/2023,CUST0386,Female,54,Electronics,2,300,600
387,6/4/2023,CUST0387,Male,44,Beauty,1,30,30
388,11/10/2023,CUST0388,Male,50,Electronics,1,25,25
389,12/1/2023,CUST0389,Male,21,Clothing,2,25,50
390,9/28/2023,CUST0390,Male,39,Electronics,2,50,100
391,1/5/2023,CUST0391,Male,19,Beauty,2,25,50
392,12/8/2023,CUST0392,Male,27,Clothing,2,300,600
393,10/11/2023,CUST0393,Female,22,Beauty,2,500,1000
394,6/3/2023,CUST0394,Female,27,Clothing,1,500,500
395,12/6/2023,CUST0395,Male,50,Electronics,2,500,1000
396,2/23/2023,CUST0396,Female,55,Beauty,1,30,30
397,3/10/2023,CUST0397,Female,30,Beauty,1,25,25
398,5/16/2023,CUST0398,Female,48,Clothing,2,300,600
399,3/1/2023,CUST0399,Female,64,Beauty,2,30,60
400,2/24/2023,CUST0400,Male,53,Clothing,4,50,200
401,10/11/2023,CUST0401,Female,62,Clothing,1,300,300
402,3/21/2023,CUST0402,Female,41,Clothing,2,300,600
403,5/20/2023,CUST0403,Male,32,Clothing,2,300,600
404,5/25/2023,CUST0404,Male,46,Electronics,2,500,1000
405,11/6/2023,CUST0405,Female,25,Clothing,4,300,1200
406,4/18/2023,CUST0406,Female,22,Beauty,4,25,100
407,6/25/2023,CUST0407,Female,46,Electronics,3,300,900
408,4/15/2023,CUST0408,Female,64,Beauty,1,500,500
409,12/18/2023,CUST0409,Female,21,Electronics,3,300,900
410,11/21/2023,CUST0410,Female,29,Clothing,2,50,100
411,5/16/2023,CUST0411,Male,62,Electronics,4,50,200
412,9/16/2023,CUST0412,Female,19,Electronics,4,500,2000
413,9/8/2023,CUST0413,Female,44,Beauty,3,25,75
414,5/9/2023,CUST0414,Male,48,Beauty,4,25,100
415,1/27/2023,CUST0415,Male,53,Clothing,2,30,60
416,2/17/2023,CUST0416,Male,53,Electronics,4,500,2000
417,11/21/2023,CUST0417,Male,43,Electronics,3,300,900
418,8/5/2023,CUST0418,Female,60,Electronics,2,500,1000
419,5/22/2023,CUST0419,Female,44,Clothing,3,30,90
420,1/23/2023,CUST0420,Female,22,Clothing,4,500,2000
421,1/2/2023,CUST0421,Female,37,Clothing,3,500,1500
422,6/20/2023,CUST0422,Female,28,Clothing,3,30,90
423,3/8/2023,CUST0423,Female,27,Clothing,1,25,25
424,11/23/2023,CUST0424,Male,57,Beauty,4,300,1200
425,5/15/2023,CUST0425,Female,55,Electronics,4,30,120
426,3/24/2023,CUST0426,Male,23,Electronics,3,50,150
427,8/15/2023,CUST0427,Male,25,Electronics,1,25,25
428,10/10/2023,CUST0428,Female,40,Electronics,4,50,200
429,12/28/2023,CUST0429,Male,64,Electronics,2,25,50
430,8/7/2023,CUST0430,Female,43,Electronics,3,300,900
431,10/15/2023,CUST0431,Male,63,Electronics,4,300,1200
432,1/5/2023,CUST0432,Female,60,Electronics,2,500,1000
433,2/27/2023,CUST0433,Male,29,Beauty,4,50,200
434,2/8/2023,CUST0434,Female,43,Electronics,2,25,50
435,12/20/2023,CUST0435,Female,30,Beauty,3,300,900
436,3/18/2023,CUST0436,Female,57,Clothing,4,30,120
437,10/7/2023,CUST0437,Female,35,Electronics,4,300,1200
438,1/19/2023,CUST0438,Female,42,Clothing,1,30,30
439,7/9/2023,CUST0439,Male,50,Clothing,3,25,75
440,10/26/2023,CUST0440,Male,64,Clothing,2,300,600
441,10/10/2023,CUST0441,Male,57,Beauty,4,300,1200
442,3/17/2023,CUST0442,Female,60,Clothing,4,25,100
443,8/9/2023,CUST0443,Male,29,Clothing,2,300,600
444,3/7/2023,CUST0444,Female,61,Clothing,3,30,90
445,1/22/2023,CUST0445,Female,53,Electronics,1,300,300
446,6/7/2023,CUST0446,Male,21,Electronics,1,50,50
447,7/6/2023,CUST0447,Male,22,Beauty,4,500,2000
448,1/21/2023,CUST0448,Female,54,Beauty,2,30,60
449,7/3/2023,CUST0449,Male,25,Electronics,4,50,200
450,4/18/2023,CUST0450,Female,59,Beauty,2,25,50
451,12/16/2023,CUST0451,Female,45,Electronics,1,30,30
452,5/8/2023,CUST0452,Female,48,Clothing,3,500,1500
453,12/8/2023,CUST0453,Female,26,Clothing,2,500,1000
454,2/22/2023,CUST0454,Female,46,Beauty,1,25,25
455,7/1/2023,CUST0455,Male,31,Electronics,4,25,100
456,10/14/2023,CUST0456,Male,57,Electronics,2,30,60
457,7/28/2023,CUST0457,Female,58,Beauty,3,300,900
458,11/14/2023,CUST0458,Female,39,Electronics,4,25,100
459,3/21/2023,CUST0459,Male,28,Clothing,4,300,1200
460,5/2/2023,CUST0460,Male,40,Beauty,1,50,50
461,3/25/2023,CUST0461,Female,18,Beauty,2,500,1000
462,4/1/2023,CUST0462,Male,63,Electronics,4,300,1200
463,7/31/2023,CUST0463,Female,54,Beauty,3,500,1500
464,1/13/2023,CUST0464,Male,38,Electronics,2,300,600
465,4/2/2023,CUST0465,Female,43,Electronics,3,50,150
466,6/20/2023,CUST0466,Male,63,Electronics,4,25,100
467,7/30/2023,CUST0467,Female,53,Electronics,3,50,150
468,12/9/2023,CUST0468,Male,40,Electronics,1,25,25
469,5/8/2023,CUST0469,Male,18,Beauty,3,25,75
470,5/17/2023,CUST0470,Female,57,Clothing,2,500,1000
471,3/23/2023,CUST0471,Male,32,Clothing,3,50,150
472,12/26/2023,CUST0472,Female,38,Beauty,3,300,900
473,2/25/2023,CUST0473,Male,64,Beauty,1,50,50
474,7/15/2023,CUST0474,Female,26,Clothing,3,500,1500
475,1/20/2023,CUST0475,Male,26,Clothing,3,25,75
476,8/29/2023,CUST0476,Female,27,Clothing,4,500,2000
477,4/24/2023,CUST0477,Male,43,Clothing,4,30,120
478,4/13/2023,CUST0478,Female,58,Clothing,2,30,60
479,8/24/2023,CUST0479,Male,52,Electronics,4,300,1200
480,6/29/2023,CUST0480,Female,42,Beauty,4,500,2000
481,6/6/2023,CUST0481,Female,43,Electronics,4,300,1200
482,4/27/2023,CUST0482,Female,28,Clothing,4,300,1200
483,4/25/2023,CUST0483,Male,55,Clothing,1,30,30
484,1/13/2023,CUST0484,Female,19,Clothing,4,300,1200
485,12/4/2023,CUST0485,Male,24,Electronics,1,30,30
486,4/9/2023,CUST0486,Female,35,Electronics,1,25,25
487,7/24/2023,CUST0487,Male,44,Clothing,4,500,2000
488,6/18/2023,CUST0488,Female,51,Electronics,3,300,900
489,5/23/2023,CUST0489,Male,44,Electronics,1,30,30
490,2/5/2023,CUST0490,Male,34,Clothing,3,50,150
491,5/23/2023,CUST0491,Female,60,Electronics,3,300,900
492,6/29/2023,CUST0492,Male,61,Beauty,4,25,100
493,11/25/2023,CUST0493,Male,41,Beauty,2,25,50
494,9/18/2023,CUST0494,Female,42,Beauty,4,50,200
495,7/24/2023,CUST0495,Male,24,Beauty,2,30,60
496,12/14/2023,CUST0496,Male,23,Clothing,2,300,600
497,10/2/2023,CUST0497,Male,41,Clothing,4,30,120
498,6/19/2023,CUST0498,Female,50,Clothing,4,25,100
499,1/15/2023,CUST0499,Male,46,Beauty,2,30,60
500,3/1/2023,CUST0500,Female,60,Beauty,4,25,100
501,5/14/2023,CUST0501,Male,39,Electronics,2,30,60
502,4/2/2023,CUST0502,Male,43,Electronics,3,50,150
503,10/25/2023,CUST0503,Male,45,Beauty,4,500,2000
504,5/16/2023,CUST0504,Female,38,Beauty,3,50,150
505,1/20/2023,CUST0505,Male,24,Beauty,1,50,50
506,2/25/2023,CUST0506,Male,34,Beauty,3,500,1500
507,11/2/2023,CUST0507,Female,37,Electronics,3,500,1500
508,8/11/2023,CUST0508,Male,58,Beauty,2,300,600
509,6/26/2023,CUST0509,Female,37,Electronics,3,300,900
510,6/10/2023,CUST0510,Female,39,Beauty,4,50,200
511,8/12/2023,CUST0511,Male,45,Beauty,2,50,100
512,11/7/2023,CUST0512,Female,57,Beauty,1,25,25
513,9/19/2023,CUST0513,Male,24,Electronics,4,25,100
514,3/1/2023,CUST0514,Female,18,Electronics,1,300,300
515,7/17/2023,CUST0515,Female,49,Clothing,3,300,900
516,10/23/2023,CUST0516,Male,30,Beauty,4,25,100
517,4/8/2023,CUST0517,Female,47,Clothing,4,25,100
518,5/11/2023,CUST0518,Female,40,Clothing,1,30,30
519,1/23/2023,CUST0519,Female,36,Electronics,4,30,120
520,12/29/2023,CUST0520,Female,49,Electronics,4,25,100
521,8/12/2023,CUST0521,Female,47,Clothing,4,30,120
522,1/1/2023,CUST0522,Male,46,Beauty,3,500,1500
523,9/24/2023,CUST0523,Female,62,Electronics,1,300,300
524,10/3/2023,CUST0524,Male,46,Beauty,4,300,1200
525,12/18/2023,CUST0525,Female,47,Beauty,2,25,50
526,12/10/2023,CUST0526,Male,33,Clothing,2,50,100
527,4/11/2023,CUST0527,Male,57,Clothing,2,25,50
528,7/6/2023,CUST0528,Female,36,Clothing,2,30,60
529,8/9/2023,CUST0529,Female,35,Clothing,3,50,150
530,2/5/2023,CUST0530,Female,18,Electronics,4,30,120
531,12/7/2023,CUST0531,Male,31,Electronics,1,500,500
532,6/19/2023,CUST0532,Female,64,Clothing,4,30,120
533,11/16/2023,CUST0533,Male,19,Electronics,3,500,1500
534,6/10/2023,CUST0534,Male,45,Clothing,2,500,1000
535,12/6/2023,CUST0535,Male,47,Beauty,3,30,90
536,3/5/2023,CUST0536,Female,55,Beauty,4,30,120
537,6/3/2023,CUST0537,Female,21,Beauty,1,500,500
538,9/17/2023,CUST0538,Male,18,Clothing,3,50,150
539,6/8/2023,CUST0539,Male,25,Beauty,1,500,500
540,12/8/2023,CUST0540,Female,46,Electronics,3,300,900
541,7/29/2023,CUST0541,Male,56,Beauty,1,500,500
542,6/17/2023,CUST0542,Female,20,Beauty,1,50,50
543,7/26/2023,CUST0543,Male,49,Beauty,2,300,600
544,12/23/2023,CUST0544,Female,27,Electronics,1,25,25
545,6/1/2023,CUST0545,Male,27,Clothing,2,25,50
546,10/11/2023,CUST0546,Female,36,Electronics,4,50,200
547,3/7/2023,CUST0547,Male,63,Clothing,4,500,2000
548,4/9/2023,CUST0548,Female,51,Clothing,2,30,60
549,8/4/2023,CUST0549,Female,50,Beauty,2,50,100
550,12/7/2023,CUST0550,Male,40,Clothing,3,300,900
551,7/14/2023,CUST0551,Male,45,Electronics,3,300,900
552,12/13/2023,CUST0552,Female,49,Electronics,3,25,75
553,3/31/2023,CUST0553,Male,24,Clothing,4,300,1200
554,11/12/2023,CUST0554,Female,46,Beauty,3,50,150
555,10/19/2023,CUST0555,Male,25,Beauty,1,300,300
556,6/4/2023,CUST0556,Female,18,Electronics,1,50,50
557,7/27/2023,CUST0557,Female,20,Beauty,3,30,90
558,10/8/2023,CUST0558,Female,41,Clothing,1,25,25
559,1/1/2023,CUST0559,Female,40,Clothing,4,300,1200
560,6/5/2023,CUST0560,Female,25,Electronics,1,50,50
561,5/27/2023,CUST0561,Female,64,Clothing,4,500,2000
562,4/18/2023,CUST0562,Male,54,Electronics,2,25,50
563,8/9/2023,CUST0563,Male,20,Clothing,2,30,60
564,10/24/2023,CUST0564,Male,50,Electronics,2,50,100
565,11/7/2023,CUST0565,Female,45,Beauty,2,30,60
566,12/2/2023,CUST0566,Female,64,Clothing,1,30,30
567,6/14/2023,CUST0567,Female,25,Clothing,3,300,900
568,8/27/2023,CUST0568,Female,51,Electronics,1,300,300
569,8/15/2023,CUST0569,Male,52,Electronics,4,50,200
570,8/15/2023,CUST0570,Male,49,Clothing,1,500,500
571,12/12/2023,CUST0571,Female,41,Electronics,1,50,50
572,4/20/2023,CUST0572,Male,31,Clothing,4,500,2000
573,9/19/2023,CUST0573,Male,49,Beauty,2,30,60
574,8/31/2023,CUST0574,Female,63,Electronics,2,25,50
575,3/28/2023,CUST0575,Male,60,Clothing,2,50,100
576,12/4/2023,CUST0576,Female,33,Beauty,3,50,150
577,2/13/2023,CUST0577,Male,21,Beauty,4,500,2000
578,5/26/2023,CUST0578,Female,54,Clothing,4,30,120
579,9/21/2023,CUST0579,Female,38,Electronics,1,30,30
580,12/6/2023,CUST0580,Female,31,Clothing,3,500,1500
581,11/21/2023,CUST0581,Female,48,Beauty,2,30,60
582,11/14/2023,CUST0582,Male,35,Clothing,3,300,900
583,6/21/2023,CUST0583,Female,24,Electronics,4,25,100
584,2/17/2023,CUST0584,Female,27,Beauty,4,50,200
585,5/1/2023,CUST0585,Female,24,Clothing,1,25,25
586,12/11/2023,CUST0586,Male,50,Electronics,1,50,50
587,6/8/2023,CUST0587,Female,40,Beauty,4,300,1200
588,4/26/2023,CUST0588,Male,38,Electronics,2,30,60
589,4/12/2023,CUST0589,Female,36,Beauty,2,500,1000
590,3/17/2023,CUST0590,Male,36,Clothing,3,300,900
591,1/13/2023,CUST0591,Male,53,Electronics,4,25,100
592,1/24/2023,CUST0592,Female,46,Beauty,4,500,2000
593,5/6/2023,CUST0593,Male,35,Electronics,2,30,60
594,9/1/2023,CUST0594,Female,19,Electronics,2,300,600
595,11/9/2023,CUST0595,Female,18,Clothing,4,500,2000
596,2/7/2023,CUST0596,Female,64,Electronics,1,300,300
597,8/22/2023,CUST0597,Male,22,Beauty,4,300,1200
598,8/1/2023,CUST0598,Male,37,Beauty,4,30,120
599,11/19/2023,CUST0599,Female,28,Beauty,2,50,100
600,10/22/2023,CUST0600,Female,59,Beauty,2,500,1000
601,4/10/2023,CUST0601,Male,19,Clothing,1,30,30
602,12/23/2023,CUST0602,Female,20,Electronics,1,300,300
603,7/16/2023,CUST0603,Female,40,Clothing,3,30,90
604,9/11/2023,CUST0604,Female,29,Electronics,4,50,200
605,7/24/2023,CUST0605,Male,37,Electronics,2,500,1000
606,5/5/2023,CUST0606,Male,22,Electronics,1,50,50
607,3/17/2023,CUST0607,Male,54,Clothing,3,25,75
608,12/2/2023,CUST0608,Female,55,Electronics,3,500,1500
609,12/19/2023,CUST0609,Female,47,Clothing,2,50,100
610,1/3/2023,CUST0610,Female,26,Beauty,2,300,600
611,2/24/2023,CUST0611,Male,51,Beauty,3,500,1500
612,8/6/2023,CUST0612,Female,61,Electronics,1,500,500
613,4/23/2023,CUST0613,Female,52,Clothing,3,30,90
614,4/1/2023,CUST0614,Female,39,Beauty,4,300,1200
615,12/23/2023,CUST0615,Female,61,Clothing,4,25,100
616,9/23/2023,CUST0616,Male,41,Clothing,2,50,100
617,8/26/2023,CUST0617,Male,34,Electronics,1,30,30
618,1/26/2023,CUST0618,Female,27,Beauty,1,50,50
619,10/13/2023,CUST0619,Male,47,Electronics,4,25,100
620,5/8/2023,CUST0620,Male,63,Electronics,3,25,75
621,3/4/2023,CUST0621,Female,40,Beauty,2,500,1000
622,8/22/2023,CUST0622,Female,49,Beauty,3,25,75
623,3/10/2023,CUST0623,Male,34,Clothing,3,50,150
624,8/26/2023,CUST0624,Female,34,Beauty,3,300,900
625,12/8/2023,CUST0625,Male,31,Clothing,1,300,300
626,9/29/2023,CUST0626,Female,26,Clothing,4,500,2000
627,10/14/2023,CUST0627,Male,57,Clothing,1,50,50
628,11/1/2023,CUST0628,Female,19,Beauty,4,50,200
629,6/12/2023,CUST0629,Male,62,Electronics,2,25,50
630,8/15/2023,CUST0630,Male,42,Clothing,2,50,100
631,11/10/2023,CUST0631,Male,56,Electronics,3,30,90
632,9/16/2023,CUST0632,Female,26,Electronics,4,25,100
633,8/7/2023,CUST0633,Male,39,Beauty,4,30,120
634,10/8/2023,CUST0634,Male,60,Electronics,4,500,2000
635,8/17/2023,CUST0635,Female,63,Electronics,3,300,900
636,3/23/2023,CUST0636,Female,21,Beauty,3,500,1500
637,9/1/2023,CUST0637,Male,43,Clothing,2,300,600
638,8/19/2023,CUST0638,Male,46,Electronics,1,500,500
639,5/13/2023,CUST0639,Female,62,Beauty,4,50,200
640,5/7/2023,CUST0640,Female,51,Electronics,4,30,120
641,11/23/2023,CUST0641,Female,40,Electronics,1,300,300
642,5/22/2023,CUST0642,Female,54,Clothing,4,25,100
643,9/24/2023,CUST0643,Female,28,Electronics,3,30,90
644,9/6/2023,CUST0644,Male,23,Beauty,3,25,75
645,11/17/2023,CUST0645,Female,35,Electronics,4,30,120
646,5/3/2023,CUST0646,Male,38,Clothing,3,30,90
647,5/21/2023,CUST0647,Male,59,Clothing,3,500,1500
648,8/14/2023,CUST0648,Male,53,Beauty,4,300,1200
649,2/9/2023,CUST0649,Female,58,Clothing,2,300,600
650,1/1/2024,CUST0650,Male,55,Electronics,1,30,30
651,5/27/2023,CUST0651,Male,51,Clothing,3,50,150
652,5/1/2023,CUST0652,Female,34,Beauty,2,50,100
653,5/20/2023,CUST0653,Male,54,Clothing,3,25,75
654,6/21/2023,CUST0654,Male,42,Clothing,3,25,75
655,6/13/2023,CUST0655,Female,55,Clothing,1,500,500
656,10/4/2023,CUST0656,Male,29,Beauty,3,30,90
657,2/11/2023,CUST0657,Male,40,Clothing,1,25,25
658,3/12/2023,CUST0658,Male,59,Clothing,1,25,25
659,3/19/2023,CUST0659,Female,39,Electronics,1,30,30
660,4/29/2023,CUST0660,Female,38,Beauty,2,500,1000
661,7/16/2023,CUST0661,Female,44,Clothing,4,25,100
662,12/22/2023,CUST0662,Male,48,Beauty,2,500,1000
663,3/20/2023,CUST0663,Male,23,Clothing,4,300,1200
664,12/28/2023,CUST0664,Female,44,Clothing,4,500,2000
665,4/20/2023,CUST0665,Male,57,Clothing,1,50,50
666,2/2/2023,CUST0666,Male,51,Electronics,3,50,150
667,8/1/2023,CUST0667,Female,29,Electronics,1,500,500
668,7/28/2023,CUST0668,Female,62,Electronics,3,50,150
669,6/19/2023,CUST0669,Male,24,Beauty,4,300,1200
670,10/5/2023,CUST0670,Male,27,Beauty,1,30,30
671,8/27/2023,CUST0671,Male,62,Electronics,3,50,150
672,8/1/2023,CUST0672,Female,34,Beauty,2,50,100
673,2/1/2023,CUST0673,Female,43,Clothing,3,500,1500
674,4/16/2023,CUST0674,Female,38,Clothing,1,300,300
675,8/4/2023,CUST0675,Female,45,Clothing,2,30,60
676,7/19/2023,CUST0676,Male,63,Electronics,3,500,1500
677,10/27/2023,CUST0677,Female,19,Beauty,3,500,1500
678,12/23/2023,CUST0678,Female,60,Electronics,3,300,900
679,1/11/2023,CUST0679,Female,18,Beauty,3,30,90
680,10/22/2023,CUST0680,Female,53,Clothing,3,300,900
681,7/14/2023,CUST0681,Female,43,Electronics,2,30,60
682,9/2/2023,CUST0682,Male,46,Beauty,4,300,1200
683,1/4/2023,CUST0683,Male,38,Beauty,2,500,1000
684,6/30/2023,CUST0684,Female,28,Clothing,2,500,1000
685,6/2/2023,CUST0685,Male,57,Electronics,2,25,50
686,7/19/2023,CUST0686,Female,28,Electronics,4,50,200
687,8/3/2023,CUST0687,Female,53,Electronics,1,300,300
688,10/3/2023,CUST0688,Male,56,Clothing,4,25,100
689,10/7/2023,CUST0689,Male,57,Electronics,2,50,100
690,11/5/2023,CUST0690,Female,52,Clothing,3,300,900
691,4/23/2023,CUST0691,Female,51,Clothing,3,30,90
692,9/7/2023,CUST0692,Female,64,Clothing,2,50,100
693,4/23/2023,CUST0693,Male,41,Beauty,3,500,1500
694,5/20/2023,CUST0694,Female,39,Electronics,2,25,50
695,8/12/2023,CUST0695,Female,22,Electronics,3,50,150
696,9/6/2023,CUST0696,Female,50,Clothing,4,50,200
697,1/15/2023,CUST0697,Male,53,Clothing,1,500,500
698,7/19/2023,CUST0698,Female,64,Electronics,1,300,300
699,6/22/2023,CUST0699,Female,37,Clothing,4,30,120
700,12/9/2023,CUST0700,Male,36,Electronics,4,500,2000
701,12/14/2023,CUST0701,Female,52,Beauty,2,30,60
702,7/27/2023,CUST0702,Female,60,Clothing,2,300,600
703,3/26/2023,CUST0703,Male,34,Electronics,2,50,100
704,8/28/2023,CUST0704,Female,62,Clothing,3,30,90
705,3/7/2023,CUST0705,Male,60,Electronics,2,25,50
706,11/15/2023,CUST0706,Male,51,Electronics,4,25,100
707,10/1/2023,CUST0707,Female,26,Clothing,1,500,500
708,1/14/2023,CUST0708,Female,43,Beauty,3,300,900
709,7/21/2023,CUST0709,Female,19,Electronics,2,500,1000
710,10/31/2023,CUST0710,Female,26,Electronics,3,500,1500
711,10/16/2023,CUST0711,Male,26,Electronics,3,500,1500
712,12/6/2023,CUST0712,Female,57,Beauty,2,25,50
713,1/14/2023,CUST0713,Male,34,Beauty,3,25,75
714,2/12/2023,CUST0714,Female,18,Clothing,1,500,500
715,11/26/2023,CUST0715,Female,42,Beauty,4,25,100
716,8/8/2023,CUST0716,Female,60,Clothing,4,300,1200
717,3/11/2023,CUST0717,Male,57,Clothing,1,500,500
718,8/25/2023,CUST0718,Female,59,Beauty,3,25,75
719,4/4/2023,CUST0719,Female,42,Clothing,2,30,60
720,1/26/2023,CUST0720,Female,56,Beauty,3,500,1500
721,5/14/2023,CUST0721,Female,52,Clothing,1,500,500
722,7/14/2023,CUST0722,Male,20,Beauty,3,300,900
723,6/17/2023,CUST0723,Female,54,Beauty,4,50,200
724,4/19/2023,CUST0724,Male,61,Clothing,3,50,150
725,8/21/2023,CUST0725,Male,61,Electronics,1,300,300
726,6/17/2023,CUST0726,Male,47,Clothing,4,300,1200
727,6/22/2023,CUST0727,Male,55,Beauty,3,300,900
728,7/14/2023,CUST0728,Male,51,Electronics,3,50,150
729,5/23/2023,CUST0729,Male,29,Clothing,4,300,1200
730,8/4/2023,CUST0730,Female,36,Clothing,2,25,50
731,5/10/2023,CUST0731,Male,54,Clothing,4,500,2000
732,2/11/2023,CUST0732,Male,61,Electronics,2,500,1000
733,8/29/2023,CUST0733,Male,34,Beauty,1,30,30
734,1/10/2023,CUST0734,Female,27,Clothing,1,30,30
735,10/4/2023,CUST0735,Female,64,Clothing,4,500,2000
736,1/27/2023,CUST0736,Male,29,Clothing,4,25,100
737,6/29/2023,CUST0737,Female,33,Clothing,1,50,50
738,4/25/2023,CUST0738,Male,41,Clothing,2,50,100
739,11/29/2023,CUST0739,Male,36,Beauty,1,25,25
740,2/5/2023,CUST0740,Female,25,Beauty,4,50,200
741,11/30/2023,CUST0741,Male,48,Clothing,1,300,300
742,1/21/2023,CUST0742,Female,38,Electronics,4,500,2000
743,1/16/2023,CUST0743,Female,34,Beauty,4,500,2000
744,5/7/2023,CUST0744,Male,40,Electronics,1,25,25
745,4/13/2023,CUST0745,Male,54,Beauty,2,50,100
746,1/11/2023,CUST0746,Female,33,Clothing,3,30,90
747,11/15/2023,CUST0747,Male,23,Beauty,1,30,30
748,3/20/2023,CUST0748,Male,25,Clothing,3,50,150
749,5/3/2023,CUST0749,Male,42,Beauty,1,30,30
750,3/6/2023,CUST0750,Female,35,Clothing,3,25,75
751,8/31/2023,CUST0751,Female,42,Clothing,2,25,50
752,12/9/2023,CUST0752,Male,29,Clothing,2,50,100
753,2/28/2023,CUST0753,Female,32,Clothing,1,30,30
754,10/16/2023,CUST0754,Female,43,Electronics,4,25,100
755,4/22/2023,CUST0755,Female,58,Clothing,3,25,75
756,8/27/2023,CUST0756,Female,62,Electronics,4,300,1200
757,12/25/2023,CUST0757,Female,43,Electronics,4,300,1200
758,5/12/2023,CUST0758,Male,64,Clothing,4,25,100
759,7/8/2023,CUST0759,Male,49,Electronics,2,50,100
760,3/27/2023,CUST0760,Male,27,Beauty,1,500,500
761,11/7/2023,CUST0761,Female,33,Clothing,1,500,500
762,11/7/2023,CUST0762,Female,24,Electronics,2,25,50
763,2/28/2023,CUST0763,Male,34,Clothing,2,25,50
764,3/25/2023,CUST0764,Female,40,Clothing,1,25,25
765,6/9/2023,CUST0765,Male,43,Clothing,4,50,200
766,2/25/2023,CUST0766,Male,38,Electronics,3,300,900
767,10/24/2023,CUST0767,Male,39,Beauty,3,25,75
768,1/14/2023,CUST0768,Female,24,Beauty,3,25,75
769,6/9/2023,CUST0769,Female,31,Electronics,4,30,120
770,10/22/2023,CUST0770,Male,32,Clothing,1,50,50
771,12/13/2023,CUST0771,Male,24,Electronics,2,25,50
772,7/12/2023,CUST0772,Male,26,Electronics,1,30,30
773,7/23/2023,CUST0773,Male,25,Electronics,4,500,2000
774,4/12/2023,CUST0774,Female,40,Clothing,2,25,50
775,2/8/2023,CUST0775,Female,46,Electronics,4,25,100
776,10/31/2023,CUST0776,Male,35,Clothing,3,30,90
777,12/20/2023,CUST0777,Male,48,Electronics,3,50,150
778,11/18/2023,CUST0778,Female,47,Beauty,4,25,100
779,5/5/2023,CUST0779,Female,56,Electronics,2,500,1000
780,2/22/2023,CUST0780,Male,52,Electronics,2,25,50
781,12/23/2023,CUST0781,Male,35,Beauty,1,500,500
782,6/4/2023,CUST0782,Male,59,Clothing,3,300,900
783,12/17/2023,CUST0783,Female,56,Clothing,1,300,300
784,11/4/2023,CUST0784,Female,34,Electronics,1,500,500
785,3/3/2023,CUST0785,Female,31,Beauty,4,50,200
786,10/17/2023,CUST0786,Male,48,Clothing,4,25,100
787,1/22/2023,CUST0787,Male,41,Electronics,1,25,25
788,6/27/2023,CUST0788,Female,52,Beauty,3,300,900
789,9/30/2023,CUST0789,Female,61,Clothing,4,500,2000
790,8/8/2023,CUST0790,Male,62,Clothing,1,25,25
791,12/5/2023,CUST0791,Female,51,Beauty,1,25,25
792,7/9/2023,CUST0792,Female,20,Beauty,1,50,50
793,2/5/2023,CUST0793,Male,54,Beauty,1,30,30
794,9/17/2023,CUST0794,Female,60,Beauty,1,300,300
795,11/28/2023,CUST0795,Male,57,Electronics,1,300,300
796,6/24/2023,CUST0796,Male,43,Beauty,4,30,120
797,1/7/2023,CUST0797,Male,40,Clothing,3,25,75
798,8/4/2023,CUST0798,Male,61,Clothing,1,50,50
799,9/8/2023,CUST0799,Male,56,Electronics,2,50,100
800,2/24/2023,CUST0800,Male,32,Clothing,4,300,1200
801,8/10/2023,CUST0801,Male,21,Clothing,4,50,200
802,7/5/2023,CUST0802,Female,46,Beauty,1,30,30
803,11/22/2023,CUST0803,Male,39,Clothing,4,25,100
804,8/24/2023,CUST0804,Male,42,Electronics,1,30,30
805,12/29/2023,CUST0805,Female,30,Beauty,3,500,1500
806,3/20/2023,CUST0806,Female,35,Beauty,3,300,900
807,8/11/2023,CUST0807,Female,50,Electronics,4,50,200
808,4/1/2023,CUST0808,Male,33,Beauty,4,500,2000
809,9/25/2023,CUST0809,Female,62,Beauty,2,50,100
810,11/30/2023,CUST0810,Male,59,Electronics,4,25,100
811,5/19/2023,CUST0811,Male,61,Beauty,2,25,50
812,11/12/2023,CUST0812,Male,19,Electronics,3,25,75
813,10/3/2023,CUST0813,Male,52,Electronics,3,50,150
814,9/5/2023,CUST0814,Female,59,Clothing,1,500,500
815,8/27/2023,CUST0815,Female,51,Clothing,3,25,75
816,8/12/2023,CUST0816,Male,47,Beauty,2,500,1000
817,10/31/2023,CUST0817,Male,30,Beauty,4,50,200
818,5/18/2023,CUST0818,Male,30,Electronics,1,500,500
819,6/15/2023,CUST0819,Female,35,Beauty,2,50,100
820,5/6/2023,CUST0820,Male,49,Electronics,4,50,200
821,2/14/2023,CUST0821,Male,49,Electronics,1,300,300
822,5/23/2023,CUST0822,Female,52,Beauty,3,50,150
823,8/19/2023,CUST0823,Female,56,Electronics,2,50,100
824,5/5/2023,CUST0824,Male,63,Clothing,4,30,120
825,8/26/2023,CUST0825,Female,46,Beauty,1,25,25
826,10/19/2023,CUST0826,Female,46,Clothing,1,300,300
827,11/9/2023,CUST0827,Male,61,Beauty,3,300,900
828,12/9/2023,CUST0828,Female,33,Electronics,4,300,1200
829,7/14/2023,CUST0829,Male,61,Beauty,3,30,90
830,6/22/2023,CUST0830,Female,64,Clothing,3,50,150
831,1/15/2023,CUST0831,Male,27,Electronics,4,25,100
832,9/11/2023,CUST0832,Male,47,Beauty,4,500,2000
833,6/16/2023,CUST0833,Male,42,Beauty,4,50,200
834,4/4/2023,CUST0834,Female,56,Beauty,2,30,60
835,9/7/2023,CUST0835,Male,37,Clothing,4,50,200
836,4/19/2023,CUST0836,Female,22,Clothing,1,50,50
837,7/1/2023,CUST0837,Male,18,Beauty,3,30,90
838,5/13/2023,CUST0838,Male,47,Electronics,2,300,600
839,6/24/2023,CUST0839,Female,20,Electronics,4,300,1200
840,5/24/2023,CUST0840,Male,62,Clothing,2,25,50
841,11/2/2023,CUST0841,Male,31,Electronics,4,25,100
842,12/26/2023,CUST0842,Female,47,Clothing,2,300,600
843,5/22/2023,CUST0843,Male,21,Beauty,3,500,1500
844,10/12/2023,CUST0844,Male,35,Clothing,3,50,150
845,1/6/2023,CUST0845,Male,54,Clothing,1,500,500
846,9/22/2023,CUST0846,Male,42,Beauty,1,50,50
847,4/8/2023,CUST0847,Female,18,Electronics,4,300,1200
848,2/13/2023,CUST0848,Female,63,Clothing,3,25,75
849,5/4/2023,CUST0849,Male,32,Clothing,2,25,50
850,7/28/2023,CUST0850,Female,26,Beauty,2,500,1000
851,9/8/2023,CUST0851,Male,32,Electronics,2,25,50
852,10/12/2023,CUST0852,Female,41,Clothing,1,300,300
853,5/4/2023,CUST0853,Male,21,Beauty,2,500,1000
854,12/20/2023,CUST0854,Male,29,Clothing,1,50,50
855,9/1/2023,CUST0855,Male,54,Beauty,1,25,25
856,11/27/2023,CUST0856,Male,54,Electronics,4,30,120
857,12/31/2023,CUST0857,Male,60,Electronics,2,25,50
858,9/9/2023,CUST0858,Male,23,Electronics,2,50,100
859,8/18/2023,CUST0859,Female,56,Electronics,3,500,1500
860,1/9/2023,CUST0860,Male,63,Clothing,4,50,200
861,2/17/2023,CUST0861,Female,41,Clothing,3,30,90
862,5/31/2023,CUST0862,Male,28,Electronics,4,300,1200
863,4/24/2023,CUST0863,Female,30,Electronics,2,25,50
864,7/27/2023,CUST0864,Female,51,Electronics,1,500,500
865,12/21/2023,CUST0865,Female,42,Clothing,1,300,300
866,5/5/2023,CUST0866,Male,24,Electronics,1,50,50
867,6/6/2023,CUST0867,Male,21,Electronics,1,500,500
868,12/6/2023,CUST0868,Female,25,Electronics,1,300,300
869,10/25/2023,CUST0869,Male,37,Beauty,3,500,1500
870,7/8/2023,CUST0870,Female,46,Electronics,4,30,120
871,8/31/2023,CUST0871,Male,62,Beauty,2,30,60
872,10/11/2023,CUST0872,Female,63,Beauty,3,25,75
873,9/29/2023,CUST0873,Female,27,Electronics,4,25,100
874,6/26/2023,CUST0874,Male,60,Beauty,1,30,30
875,8/6/2023,CUST0875,Female,51,Electronics,4,500,2000
876,10/9/2023,CUST0876,Male,43,Clothing,4,30,120
877,6/19/2023,CUST0877,Female,58,Clothing,1,25,25
878,6/30/2023,CUST0878,Female,20,Clothing,1,30,30
879,12/26/2023,CUST0879,Male,23,Clothing,1,30,30
880,8/21/2023,CUST0880,Male,22,Beauty,2,500,1000
881,5/19/2023,CUST0881,Male,22,Electronics,1,300,300
882,6/6/2023,CUST0882,Female,64,Electronics,2,25,50
883,5/9/2023,CUST0883,Male,40,Electronics,1,500,500
884,4/29/2023,CUST0884,Female,26,Clothing,2,30,60
885,3/3/2023,CUST0885,Female,52,Clothing,4,30,120
886,4/9/2023,CUST0886,Male,37,Electronics,3,300,900
887,6/11/2023,CUST0887,Male,59,Clothing,4,25,100
888,3/3/2023,CUST0888,Female,52,Electronics,4,25,100
889,10/2/2023,CUST0889,Female,35,Electronics,1,50,50
890,12/20/2023,CUST0890,Male,34,Electronics,2,25,50
891,4/5/2023,CUST0891,Male,41,Electronics,3,300,900
892,4/9/2023,CUST0892,Male,20,Electronics,1,50,50
893,4/21/2023,CUST0893,Male,49,Electronics,1,50,50
894,9/5/2023,CUST0894,Male,52,Electronics,1,30,30
895,5/22/2023,CUST0895,Female,55,Clothing,4,30,120
896,10/29/2023,CUST0896,Female,30,Electronics,2,25,50
897,9/26/2023,CUST0897,Female,64,Electronics,2,50,100
898,11/2/2023,CUST0898,Female,42,Clothing,3,30,90
899,5/25/2023,CUST0899,Male,26,Clothing,2,300,600
900,2/21/2023,CUST0900,Male,21,Clothing,2,30,60
901,4/10/2023,CUST0901,Male,31,Electronics,1,30,30
902,6/1/2023,CUST0902,Female,54,Beauty,1,50,50
903,4/27/2023,CUST0903,Female,51,Beauty,4,50,200
904,7/4/2023,CUST0904,Male,28,Clothing,1,500,500
905,4/2/2023,CUST0905,Male,58,Beauty,1,300,300
906,6/4/2023,CUST0906,Female,20,Clothing,1,50,50
907,1/8/2023,CUST0907,Female,45,Electronics,1,25,25
908,12/29/2023,CUST0908,Male,46,Beauty,4,300,1200
909,10/1/2023,CUST0909,Male,26,Electronics,1,300,300
910,3/6/2023,CUST0910,Female,20,Beauty,3,50,150
911,5/21/2023,CUST0911,Male,42,Electronics,3,300,900
912,1/24/2023,CUST0912,Male,51,Beauty,3,50,150
913,1/28/2023,CUST0913,Male,29,Electronics,3,30,90
914,10/11/2023,CUST0914,Female,59,Electronics,1,500,500
915,5/30/2023,CUST0915,Female,26,Beauty,3,30,90
916,12/24/2023,CUST0916,Female,32,Electronics,1,50,50
917,3/6/2023,CUST0917,Female,57,Electronics,4,50,200
918,11/23/2023,CUST0918,Female,42,Electronics,3,30,90
919,9/9/2023,CUST0919,Female,22,Beauty,2,25,50
920,2/22/2023,CUST0920,Female,28,Beauty,3,25,75
921,1/7/2023,CUST0921,Male,51,Electronics,3,25,75
922,10/21/2023,CUST0922,Male,41,Electronics,1,50,50
923,5/26/2023,CUST0923,Male,32,Beauty,3,300,900
924,8/29/2023,CUST0924,Male,55,Beauty,2,50,100
925,9/3/2023,CUST0925,Male,25,Electronics,1,300,300
926,8/14/2023,CUST0926,Male,22,Electronics,1,30,30
927,6/24/2023,CUST0927,Male,43,Electronics,4,500,2000
928,4/5/2023,CUST0928,Female,35,Clothing,4,300,1200
929,1/27/2023,CUST0929,Female,23,Beauty,3,25,75
930,5/10/2023,CUST0930,Male,54,Clothing,4,50,200
931,9/2/2023,CUST0931,Male,30,Beauty,4,30,120
932,2/28/2023,CUST0932,Female,45,Beauty,4,25,100
933,2/3/2023,CUST0933,Male,22,Beauty,1,30,30
934,7/25/2023,CUST0934,Male,30,Beauty,1,500,500
935,9/9/2023,CUST0935,Female,34,Beauty,1,50,50
936,2/7/2023,CUST0936,Male,57,Beauty,4,50,200
937,10/23/2023,CUST0937,Female,62,Beauty,1,500,500
938,11/19/2023,CUST0938,Male,49,Clothing,4,50,200
939,12/18/2023,CUST0939,Female,46,Electronics,1,300,300
940,1/28/2023,CUST0940,Female,20,Electronics,1,30,30
941,3/19/2023,CUST0941,Female,57,Clothing,2,25,50
942,3/18/2023,CUST0942,Male,51,Clothing,3,500,1500
943,10/16/2023,CUST0943,Female,57,Clothing,4,300,1200
944,6/5/2023,CUST0944,Male,44,Clothing,2,25,50
945,2/13/2023,CUST0945,Male,30,Beauty,1,25,25
946,5/8/2023,CUST0946,Male,62,Electronics,4,500,2000
947,3/2/2023,CUST0947,Male,50,Beauty,1,300,300
948,10/13/2023,CUST0948,Female,23,Electronics,3,25,75
949,8/2/2023,CUST0949,Female,41,Electronics,2,25,50
950,11/7/2023,CUST0950,Male,36,Clothing,3,300,900
951,11/2/2023,CUST0951,Male,33,Beauty,2,50,100
952,11/13/2023,CUST0952,Female,57,Clothing,1,25,25
953,4/26/2023,CUST0953,Male,45,Beauty,3,30,90
954,9/25/2023,CUST0954,Female,50,Electronics,3,300,900
955,7/14/2023,CUST0955,Male,58,Clothing,1,25,25
956,8/19/2023,CUST0956,Male,30,Clothing,3,500,1500
957,8/15/2023,CUST0957,Female,60,Electronics,4,30,120
958,6/2/2023,CUST0958,Male,62,Electronics,2,25,50
959,10/29/2023,CUST0959,Female,42,Electronics,2,30,60
960,8/8/2023,CUST0960,Male,59,Clothing,2,30,60
961,6/6/2023,CUST0961,Male,53,Beauty,4,50,200
962,10/19/2023,CUST0962,Male,44,Clothing,2,30,60
963,11/14/2023,CUST0963,Female,55,Beauty,1,50,50
964,1/31/2023,CUST0964,Male,24,Clothing,3,300,900
965,11/9/2023,CUST0965,Male,22,Clothing,4,50,200
966,2/20/2023,CUST0966,Male,60,Electronics,2,500,1000
967,4/17/2023,CUST0967,Male,62,Beauty,1,25,25
968,11/17/2023,CUST0968,Female,48,Clothing,3,300,900
969,4/19/2023,CUST0969,Female,40,Clothing,3,300,900
970,5/16/2023,CUST0970,Male,59,Electronics,4,500,2000
971,12/5/2023,CUST0971,Female,27,Electronics,4,50,200
972,2/11/2023,CUST0972,Male,49,Beauty,4,25,100
973,3/22/2023,CUST0973,Male,60,Clothing,1,50,50
974,5/3/2023,CUST0974,Male,47,Beauty,1,30,30
975,3/30/2023,CUST0975,Female,56,Clothing,4,50,200
976,10/10/2023,CUST0976,Female,48,Beauty,2,300,600
977,2/8/2023,CUST0977,Female,35,Electronics,3,25,75
978,3/22/2023,CUST0978,Female,53,Clothing,3,50,150
979,1/2/2023,CUST0979,Female,19,Beauty,1,25,25
980,7/29/2023,CUST0980,Female,31,Electronics,3,25,75
981,8/19/2023,CUST0981,Female,30,Electronics,2,30,60
982,12/19/2023,CUST0982,Female,46,Beauty,3,30,90
983,11/1/2023,CUST0983,Female,29,Clothing,1,300,300
984,8/29/2023,CUST0984,Male,56,Clothing,1,500,500
985,5/30/2023,CUST0985,Female,19,Electronics,2,25,50
986,1/17/2023,CUST0986,Female,49,Clothing,2,500,1000
987,4/29/2023,CUST0987,Female,30,Clothing,3,300,900
988,5/28/2023,CUST0988,Female,63,Clothing,3,25,75
989,12/28/2023,CUST0989,Female,44,Electronics,1,25,25
990,5/25/2023,CUST0990,Female,58,Beauty,2,500,1000
991,12/26/2023,CUST0991,Female,34,Clothing,2,50,100
992,8/21/2023,CUST0992,Female,57,Electronics,2,30,60
993,2/6/2023,CUST0993,Female,48,Electronics,3,50,150
994,12/18/2023,CUST0994,Female,51,Beauty,2,500,1000
995,4/30/2023,CUST0995,Female,41,Clothing,1,30,30
996,5/16/2023,CUST0996,Male,62,Clothing,1,50,50
997,11/17/2023,CUST0997,Male,52,Beauty,3,30,90
998,10/29/2023,CUST0998,Female,23,Beauty,4,25,100
999,12/5/2023,CUST0999,Female,36,Electronics,3,50,150
1000,4/12/2023,CUST1000,Male,47,Electronics,4,30,120
